{"cameraMode":{"drawMode":0,"name":"Shaded","section":"Shading Mode"},"sceneLighting":true,"audioPlay":false,"sceneViewState":{"showFog":true,"showMaterialUpdate":false,"showSkybox":true,"showFlares":true,"showImageEffects":true,"showParticleSystems":true},"in2DMode":false,"pivot":{"x":-5.476522445678711,"y":1.8003654479980469,"z":32.62376403808594},"rotation":{"x":-0.08535805344581604,"y":0.27057018876075747,"z":-0.024092650040984155,"w":-0.9586070775985718},"size":31.580097198486329,"orthographic":false}