{"cameraMode":{"drawMode":0,"name":"Shaded","section":"Shading Mode"},"sceneLighting":true,"audioPlay":false,"sceneViewState":{"showFog":true,"showMaterialUpdate":false,"showSkybox":true,"showFlares":true,"showImageEffects":true,"showParticleSystems":true},"in2DMode":false,"pivot":{"x":-1.4481072425842286,"y":2.250657558441162,"z":-0.8136630058288574},"rotation":{"x":-0.15768611431121827,"y":0.7275080680847168,"z":-0.17827188968658448,"w":-0.6434981822967529},"size":4.053372383117676,"orthographic":false}