{"cameraMode":{"drawMode":0,"name":"Shaded","section":"Shading Mode"},"sceneLighting":true,"audioPlay":false,"sceneViewState":{"showFog":true,"showMaterialUpdate":false,"showSkybox":true,"showFlares":true,"showImageEffects":true,"showParticleSystems":true},"in2DMode":false,"pivot":{"x":25.840713500976564,"y":56.745574951171878,"z":-22.697389602661134},"rotation":{"x":0.07501180469989777,"y":0.7409027218818665,"z":-0.08393704891204834,"w":0.6621153354644775},"size":112.34964752197266,"orthographic":false}