{"cameraMode":{"drawMode":0,"name":"Shaded","section":"Shading Mode"},"sceneLighting":true,"audioPlay":false,"sceneViewState":{"showFog":true,"showMaterialUpdate":false,"showSkybox":true,"showFlares":true,"showImageEffects":true,"showParticleSystems":true},"in2DMode":false,"pivot":{"x":8.46341323852539,"y":14.684714317321778,"z":35.17845916748047},"rotation":{"x":-0.1117362529039383,"y":0.5115265846252441,"z":-0.06729693710803986,"w":-0.8493109345436096},"size":3.3481204509735109,"orthographic":false}