{"cameraMode":{"drawMode":0,"name":"Shaded","section":"Shading Mode"},"sceneLighting":true,"audioPlay":false,"sceneViewState":{"showFog":true,"showMaterialUpdate":false,"showSkybox":true,"showFlares":true,"showImageEffects":true,"showParticleSystems":true},"in2DMode":false,"pivot":{"x":-6.101032257080078,"y":8.69449234008789,"z":17.639053344726564},"rotation":{"x":-0.11824210733175278,"y":0.6066706776618958,"z":-0.09188161045312882,"w":-0.7807244062423706},"size":38.20783996582031,"orthographic":false}