{"cameraMode":{"drawMode":0,"name":"Shaded","section":"Shading Mode"},"sceneLighting":true,"audioPlay":false,"sceneViewState":{"showFog":true,"showMaterialUpdate":false,"showSkybox":true,"showFlares":true,"showImageEffects":true,"showParticleSystems":true},"in2DMode":false,"pivot":{"x":-0.11311721801757813,"y":6.22257661819458,"z":26.478166580200197},"rotation":{"x":-0.04077192768454552,"y":0.8380596041679382,"z":-0.06323356926441193,"w":-0.5403668880462647},"size":12.383996963500977,"orthographic":false}