{"cameraMode":{"drawMode":0,"name":"Shaded","section":"Shading Mode"},"sceneLighting":true,"audioPlay":false,"sceneViewState":{"showFog":true,"showMaterialUpdate":false,"showSkybox":false,"showFlares":true,"showImageEffects":true,"showParticleSystems":true},"in2DMode":false,"pivot":{"x":-59.0633430480957,"y":31.807701110839845,"z":21.606435775756837},"rotation":{"x":0.020436573773622514,"y":-0.7397194504737854,"z":-0.6723007559776306,"w":-0.022418398410081865},"size":11.945635795593262,"orthographic":false}